<?xml version="1.0" encoding="utf-8"?>
<extension version="3.0" type="plugin" group="content">
	<name>PLG_CONTENT_PCCADDIEMANAGER</name>
	<author>Zuno Studios</author>
	<creationDate>October 2014</creationDate>
	<copyright>Copyright (C) 2005 - 2014 Open Source Matters. All rights reserved.</copyright>
	<license>GNU General Public License version 2 or later; see LICENSE.txt</license>
	<authorEmail>zunoust@zunostudios.com</authorEmail>
	<authorUrl>www.zunostudios.com</authorUrl>
	<version>0.0.1</version>
	<description>Plugin for adding custom fields to articles</description>

	<files>
		<folder>forms</folder>
		<folder>language</folder>
		<folder>css</folder>
		<folder>js</folder>
		<filename plugin="pccaddiemanager">pccaddiemanager.php</filename>
		<filename>index.html</filename>
	</files>
	
	<config>
		<fields name="params">
			<fieldset name="basic">
				<field type="text" label="PLG_PC_USERNAME_LBL" name="xmluser" description="PLG_PC_USERNAME_DESC" default="" class="" size="32" maxlength="32" filter="" />
				<field type="password" label="PLG_PC_PASSWORD_LBL" name="xmlpassword" description="PLG_PC_PASSWORD_DESC" default="" class="" size="32" />			
				<field type="text" label="PLG_PC_CLUB_LBL" name="xml_club" description="PLG_PC_CLUB_DESC" default="" class="" size="32" maxlength="237" filter="" />
				<field type="url" label="PLG_PC_GUEST_URL_LBL" name="guest_url" description="PLG_PC_GUEST_URL_DESC" default="" />
				<field type="url" label="PLG_PC_MEMBER_URL_LBL" name="member_url" description="PLG_PC_MEMBER_URL_DESC" default="" />
			</fieldset>
		</fields>
	</config>
	
	<languages>
		<language tag="en-GB">language/en-GB/en-GB.plg_content_pccaddiemanager.ini</language>
		<language tag="en-GB">language/en-GB/en-GB.plg_content_pccaddiemanager.sys.ini</language>
	</languages>

</extension>
