<?xml version="1.0" encoding="utf-8"?>
<!--
/**
 * @copyright	Copyright (c) 2016 Innovision Lab (http://nnovisionlab.com). All rights reserved.
 * @license		http://www.gnu.org/licenses/gpl-2.0.html GNU/GPL
 */
-->
<extension type="plugin" version="3.0" group="content" method="upgrade">
	<name>plg_content_pccaddiemanager</name>
	<author>Irfan Ullah</author>
	<creationDate>October 2016</creationDate>
	<copyright>Copyright (c) 2016 pc. All rights reserved.</copyright>
	<license>http://www.gnu.org/licenses/gpl-2.0.html GNU/GPL</license>
	<authorEmail>irfanullah.ilab@gmail.com</authorEmail>
	<authorUrl>http://nnovisionlab.com</authorUrl>
	<version>1.0.0</version>
	<description>
	<![CDATA[
		<p>To manage the PCCADDIE Tournment etc.</p>
	]]>
	</description>

	<files>
		<filename plugin="pccaddiemanager">pccaddiemanager.php</filename>
		<filename>index.html</filename>
	</files>
	<files>
		<folder>css</folder>
	</files>

	<languages>
		<language tag="en-GB">en-GB.plg_content_pccaddiemanager.ini</language>
		<language tag="en-GB">en-GB.plg_content_pccaddiemanager.sys.ini</language>
	</languages>

	<config>
		<fields name="params">
			<fieldset name="basic">
				<field type="text" label="PLG_PC_USERNAME_LBL" name="xmluser" description="PLG_PC_USERNAME_DESC" default="" class="" size="32" maxlength="32" filter="" />
				<field type="password" label="PLG_PC_PASSWORD_LBL" name="xmlpassword" description="PLG_PC_PASSWORD_DESC" default="" class="" size="32" />			
				<field type="text" label="PLG_PC_CLUB_LBL" name="xml_club" description="PLG_PC_CLUB_DESC" default="" class="" size="32" maxlength="237" filter="" />
				<field type="url" label="PLG_PC_GUEST_URL_LBL" name="guest_url" description="PLG_PC_GUEST_URL_DESC" default="" />
				<field type="url" label="PLG_PC_MEMBER_URL_LBL" name="member_url" description="PLG_PC_MEMBER_URL_DESC" default="" />
			</fieldset>
		</fields>
	</config>
</extension>