<?xml version="1.0" encoding="UTF-8"?>
<extension type="module" method="upgrade" client="site">
   <name>MOD_PC_SNAPSHOT</name>
   <creationDate>Oct 2016</creationDate>
   <author>Irfan Ullah</author>
   <authorEmail>irfanullah.ilab@gmail.com</authorEmail>
   <authorUrl>http://innovisionlab.com</authorUrl>
   <copyright>Copyright © 2016 - All rights reserved.</copyright>
   <license>GNU General Public License v2.0</license>
   <version>0.0.1</version>
   <description>MOD__P_IT_WILL_DISPLAY_THE_FEED_</description>
   <files>
      <filename module="mod_pc_snapshot">mod_pc_snapshot.php</filename>
      <filename>mod_pc_snapshot.xml</filename>
      <filename>index.html</filename>
      <folder>language</folder>
      <folder>tmpl</folder>
      <folder>assets</folder>
   </files>
   <config>
      <fields name="params">
         <fieldset name="basic">

            <field name="modlayout" type="radio" default="default" label="JFIELD_ALT_LAYOUT_LABEL" description="JFIELD_ALT_MODULE_LAYOUT_DESC" class="btn-group btn-group-yesno">
			  <option value="default">MOD_DEFAULT_LAYOUT</option>
			  <option value="list">MOD_LIST_LAYOUT</option>
			</field>
            <!-- <field type="text" label="MOD_USER_LABEL" name="xmluser" description="MOD_ENTER_YOUR_XML_USER_LOGIN_DESCRIPTION" default="" class="" size="32" maxlength="32" filter="" /> 
            <field type="password" label="MOD_PASSWORD" name="xmlpassword" description="MOD_YOUR_XML_USER_PASSWORD" default="" class="" size="32" /> 
            <field type="text" label="MOD_CLUB" name="xml_club" description="MOD_CLUB_DESC" default="" class="" size="32" maxlength="237" filter="" />-->
            <field type="text" label="MOD_DATE_FROM" name="datumvon" description="MOD_DATE_FROM_DESC" class="" default="-20" size="32" maxlength="237" filter="" />
             <field type="text" label="MOD_DATE_TO" name="datumbis" description="MOD_DATE_TO_DESC" default="+10" class="" size="32" maxlength="237" filter="" />

            <field type="text" label="Button Text" name="btntext" description="MOD_BTN_TEXT" class="" default="Detail" size="32" maxlength="237" filter="" />

            <field type="text" label="MOD_MIN_ENTERIES" name="minentries" description="MOD_MIN_ENTERIES_DESC" class="" default="4" size="32" maxlength="237" filter="" />
            
            <field type="textarea" label="MOD_DISPLAY_LINK" name="display_link" description="MOD_DISPLAY_LINK_DESCRIPTION" default="" />
			
            <field name="ignoremax99" type="radio" default="1" label="MOD_IGNORE_MAX_LABEL" description="MOD_IGNORE_MAX_DESC" class="btn-group btn-group-yesno">
			  <option value="1">JYES</option>
			  <option value="0">JNO</option>
			</field>
         </fieldset>
         <fieldset name="advanced">
            <field name="layout" type="modulelayout" label="JFIELD_ALT_LAYOUT_LABEL" description="JFIELD_ALT_MODULE_LAYOUT_DESC" />
            <field name="moduleclass_sfx" type="textarea" rows="3" label="COM_MODULES_FIELD_MODULECLASS_SFX_LABEL" description="COM_MODULES_FIELD_MODULECLASS_SFX_DESC" />
            <field name="cache" type="list" default="1" label="COM_MODULES_FIELD_CACHING_LABEL" description="COM_MODULES_FIELD_CACHING_DESC">
               <option value="1">JGLOBAL_USE_GLOBAL</option>
               <option value="0">COM_MODULES_FIELD_VALUE_NOCACHING</option>
            </field>
            <field name="cache_time" type="text" default="900" label="COM_MODULES_FIELD_CACHE_TIME_LABEL" description="COM_MODULES_FIELD_CACHE_TIME_DESC" />
            <field name="cachemode" type="hidden" default="static">
               <option value="static" />
            </field>
         </fieldset>
      </fields>
      <!--
########################################################################################
The following are a list of all the different types of fields you can add to this file
They are here for copy pasting - neat eh?
Full list https://docs.joomla.org/Standard_form_field_types
########################################################################################

https://docs.joomla.org/Calendar_form_field_type
<field name="mycalendar" type="calendar" default="5-10-2008" label="Select a date" description="" format="%d-%m-%Y" />

https://docs.joomla.org/Category_form_field_type
<field name="mycategory" type="category" label="Select a category" description="" section="3" />

https://docs.joomla.org/Editor_form_field_type
<field name="myeditor" type="editors" default="none" label="Select an editor" />

https://docs.joomla.org/Filelist_form_field_type
<field name="myfile" type="filelist" default="" label="Select a file" description="" directory="administrator" filter="" exclude="" stripext="" />

https://docs.joomla.org/Folderlist_form_field_type
<field name="myfolder" type="folderlist" default="" label="Select a folder" directory="administrator" filter="" exclude="" stripext="" />

https://docs.joomla.org/Helpsite_form_field_type
<field name="myhelpsite" type="helpsites" default="" label="Select a help site" description="" />

https://docs.joomla.org/Hidden_form_field_type
<field name="mysecretvariable" type="hidden" default="" />

https://docs.joomla.org/Imagelist_form_field_type
<field name="myimage" type="imagelist" default="" label="Select an image" description="" directory="" exclude="" stripext="" />

https://docs.joomla.org/Language_form_field_type
<field name="mylanguage" type="languages" client="site" default="en-GB" label="Select a language" description="" />

https://docs.joomla.org/List_form_field_type
<field name="mylistvalue" type="list" default="" label="Select an option" description="">
  <option value="0">Option 1</option>
  <option value="1">Option 2</option>
</field>

https://docs.joomla.org/Menu_form_field_type
<field name="mymenu" type="menu" default="mainmenu" label="Select a menu" description="Select a menu" />

https://docs.joomla.org/Menuitem_form_field_type
<field name="mymenuitem" type="menuitem" default="45" label="Select a menu item" description="Select a menu item" />

https://docs.joomla.org/Password_form_field_type
<field name="mypassword" type="password" default="secret" label="Enter a password" description="" size="5" />

https://docs.joomla.org/Radio_form_field_type
<field name="myradiovalue" type="radio" default="0" label="Select an option" description="" class="btn-group btn-group-yesno">
  <option value="0">JYES</option>
  <option value="1">JNO</option>
</field>

https://docs.joomla.org/Spacer_form_field_type
<field type="spacer" default="&lt;b&gt;Advanced parameters&lt;/b&gt;" />
<field type="spacer" name="myspacer" hr="true" />

https://docs.joomla.org/SQL_form_field_type
<field name="myfield" type="sql" default="10" label="Select an article" query="SELECT id, title FROM #__content" key_field="id" value_field="title" />

https://docs.joomla.org/Text_form_field_type
<field name="mytextvalue" type="text" default="Some text" label="Enter some text" description="" size="10" />

https://docs.joomla.org/Textarea_form_field_type
<field name="mytextarea" type="textarea" default="default" label="Enter some text" description="" rows="10" cols="5" />

https://docs.joomla.org/Timezone_form_field_type
<field name="mytimezone" type="timezones" default="-10" label="Select a timezone" description="" />

https://docs.joomla.org/Usergroup_form_field_type
<field name="myusergroups" type="usergroup" default="" label="Select a user group" description="" />
-->
   </config>
   <languages folder="language">
      <language tag="da-DK">da-DK/da-DK.mod_pc_snapshot.sys.ini</language>
      <language tag="da-DK">da-DK/da-DK.mod_pc_snapshot.ini</language>
      <language tag="de-DE">de-DE/de-DE.mod_pc_snapshot.sys.ini</language>
      <language tag="de-DE">de-DE/de-DE.mod_pc_snapshot.ini</language>
      <language tag="en-GB">en-GB/en-GB.mod_pc_snapshot.sys.ini</language>
      <language tag="en-GB">en-GB/en-GB.mod_pc_snapshot.ini</language>
      <language tag="en-US">en-US/en-US.mod_pc_snapshot.sys.ini</language>
      <language tag="en-US">en-US/en-US.mod_pc_snapshot.ini</language>
   </languages>
</extension>

